{
  "feature": "minecraft:birch_bees_0002",
  "placement": [
    {
      "type": "minecraft:count",
      "count": {
        "type": "minecraft:clamped_normal",
        "mean": 10,
        "deviation": 7,
        "min_inclusive": 2,
        "max_inclusive": 16
      }
    },
    {
      "type": "minecraft:in_square"
    },
    {
      "type": "minecraft:surface_water_depth_filter",
      "max_water_depth": 0
    },
    {
      "type": "minecraft:heightmap",
      "heightmap": "OCEAN_FLOOR"
    },
    {
      "type": "minecraft:biome"
    },
    {
      "type": "minecraft:block_predicate_filter",
      "predicate": {
        "type": "minecraft:would_survive",
        "state": {
          "Name": "minecraft:birch_sapling",
          "Properties": {
            "stage": "0"
          }
        }
      }
    }
  ]
}