{
  "feature": "minecraft:trees_old_growth_pine_taiga",
  "placement": [
    {
      "type": "minecraft:count",
      "count": {
        "type": "minecraft:clamped_normal",
        "value": 
          {
            "mean": 10,
            "deviation": 7,
            "min_inclusive": 2,
            "max_inclusive": 16
          }
      }
    },
    {
      "type": "minecraft:in_square"
    },
    {
      "type": "minecraft:surface_water_depth_filter",
      "max_water_depth": 0
    },
    {
      "type": "minecraft:heightmap",
      "heightmap": "OCEAN_FLOOR"
    },
    {
      "type": "minecraft:biome"
    }
  ]
}