{
  "feature": "hybrid_beta:trees_jungle",
  "placement": [
    {
      "type": "minecraft:count",
      "count": {
        "type": "minecraft:clamped_normal",
        "value": 
          {
            "mean": 15,
            "deviation": 10,
            "min_inclusive": 5,
            "max_inclusive": 25
          }
      }
    },
    {
      "type": "minecraft:in_square"
    },
    {
      "type": "minecraft:surface_water_depth_filter",
      "max_water_depth": 0
    },
    {
      "type": "minecraft:heightmap",
      "heightmap": "OCEAN_FLOOR"
    },
    {
      "type": "minecraft:biome"
    }
  ]
}